#gene1	gene2	strand1(gene/fusion)	strand2(gene/fusion)	breakpoint1	breakpoint2	site1	site2	type	direction1	direction2	split_reads1	split_reads2	discordant_mates	coverage1	coverage2	confidence	closest_genomic_breakpoint1	closest_genomic_breakpoint2	filters	fusion_transcript	reading_frame	peptide_sequence	read_identifiers
BCR	ABL1	+/+	+/+	22:23290413	9:130854064	splice-site	splice-site	translocation	downstream	upstream	23	27	36	496	128	high	.	.	duplicates(20)	GTTGAGGTCAGcAAg___...A??TTCATGGTGGAGCTGGTGGAGGGGGCCCGCAAGCTGCGCCACGTCTTCCTGTTCACCGACCTGCTTCTCTGCACCAAGCTCAAGAAGCAGAGCGGAGG___CAAAACGCAGCAGTATGACTGCAAATGGTACATTCCGCTCACGGATCTCAGCTTCCAGATGGTGGATGAACTGGAGGCAGTGCCCAACATCCCCCTGGTGCCCGATGAGGAGCTGGACGCTTTGAAGATCAAGATCTCCCAGATCAAGAATGACATCCAGAGAGAGAAG___AGGGCGAACAAGGGCAGCAAGGCTACGGAGAGGCTGAAGAAGAAGCTGTCGGAGCAGGAGTCACTGCTGCTGCTTATGTCTCCCAGCATGGCCTTCAGGGTGCACAGCCGCAACGGCAAG___AGTTACACGTTCCTGATCTCCTCTGACTATGAGCGTGCAGAGTGGAGGGAGAACATCCGGGAGCAGCAGAAGAAGT___GTTTCAGAAGCTTCTCCCTGACATCCGTGGAGCTGCAGATGCTGACCAACTCGTGTGTGAAACTCCAGACTGTCCACAGCATTCCGCTGACCATCAATAAGGAAG___ATGATGAGTCTCCGGGGCTCTATGGGTTTCTGAATGTCATCGTCCACTCAGCCACTGGATTTAAGCAGAGTTCAA|AAGCCCTTCAGCGGCCAGTAGCATCTGACTTTGAGCCTCAGGGTCTGAGTGAAGCCGCTCGTTGGAACTCCAAGGAAAACCTTCTCGCTGGACCCAGTGAAAATGACCCCAACCTTTTCGTTGCACTGTATGATTTTGTGGCCAGTGGAGATAACACTCTAAGCATAACTAAAG___GTGAAAAGCTCCGGGTCTTAGGCTATAATCACAATGGGGAATGGTGTGAAGCCCAAACCAAAAATGGCCAAGGCTGGGTCCCAAGCAACTACATCACGCCAGTCAACAGTCTGGAGAAACACTCC...TACGTCTCCTCCGAGAGCCGCTTCAACACCCTGGCCGAGTTGGTTCATCATCATTCAACGGTGGCCGACGGGCTCATCACCACGCTCCATTATCCAGCCCCAAAGCGCAACAAGCCCACTGTCTATGGTGTGTCCCCCAACTACGACAAGTGGGAGATGGAACGCACGGACATCACCATGAAGCACAAGCTGGGCGGGGGCCAGTACGGGaAGGTGTACGAGGGCGTG	in-frame	?FMVELVEGARKLRHVFLFTDLLLCTKLKKQSGGKTQQYDCKWYIPLTDLSFQMVDELEAVPNIPLVPDEELDALKIKISQIKNDIQREKRANKGSKATERLKKKLSEQESLLLLMSPSMAFRVHSRNGKSYTFLISSDYERAEWRENIREQQKKCFRSFSLTSVELQMLTNSCVKLQTVHSIPLTINKEDDESPGLYGFLNVIVHSATGFKQSS|kALQRPVASDFEPQGLSEAARWNSKENLLAGPSENDPNLFVALYDFVASGDNTLSITKGEKLRVLGYNHNGEWCEAQTKNGQGWVPSNYITPVNSLEKH	.
SLC35E3	SLC35E3	+/+	+/+	12:68764947	12:68763685	3'UTR	intron	duplication	downstream	upstream	55	9	4	647	270	high	.	.	duplicates(20)	AGTTCCCATTATTCTCTTTTTTTAGACAGTCTTGTTCTGTCGCCTGGACTAGAGTGCAGTTGTGCATTCTTGGCTCACTGCAACCTCCACCTCCTGGGTTTAAGTGATTCTCATGCCTCAGGCTCCCAAGTAGCTGGGATTGAAGGCATGTGCCACCACGCCCAGCTAATTTTTGTATTTTTTGTAGAGACAAGGTTTCACCATGATGGCCAGGCTGGTCTCAAATTCCCAGCCTCAAGTGATCCACCACCTCAGCTTCCCAAAGTGCTGGGATTACAGGCATGATCCACCACGCCTGGTCCCATTGTTCTTTACATCTGATGGGCTGCTTTTGGGTTGTTTTATGCAGTGCGAGTGTGTGTGTAAATATTAACATCTATCTTGTTATTCCTTTTTATCCTTATCCAAAAACCTCAGCTATAACATGTTCGGACACTTCAAGTTCTGCATTACTTTATTCGGAGGATATGTTTTATTTAAGGATCCACTGTCCATTAATCAGGCCCTTGGCATTTTATGTACATTATTTGGCATTCTCGCCTATACCCACTTTAAGCTCAGTGAACAGGAAGGAAGTAGGAGTAAACTGGCACAACGTCCTTAATTGGGTTTTTGTGGAGAAAAGAATGTTGTCCCAAGAAGATAAAAAATATTGTTAAGT|GTGCCTGGCCACAAGTAATTTTTAAATGGTGTGTGTGTGTATTTAGTTTGCTTTTTAAATGAACAATGATTTGGAAAAATCTTAATCCAGTGGCATGTTACTGGCAGTATTTTGGATTAGAACGTGGGCTTTCAAGTTAAATAGACCCATTCATGTTTGGACTCCACCTCTGCTACTTAATAGCTCTGTAATCTGGGGCATGTTACTTAAAATCTCTGAGCCTCTACAACCGTAAATAGGAAGAGTGAGCCTGCAGTGAAGGTAAACGTGATGCCTAACTTCGACGATTTCATGTAAATCGCCCAGCATGATGTTTGGTGTATAGTTGGTGCTCAGTATTACTCCCTCTCCCCCTCCCTCTTTTCCCTCCTTAACTCAAGTTAGCTCTTTGGTACCTTACATATCTCACTTCATTTCCCAAGGAAACACCACTGTAAAACATAA	out-of-frame	vpiilff*tvlfcrld*savvhswltatstswv*vilmpqapk*lglkacattps*flyfl*rqgftmmarlvsnsqpqvihhlsfpkcwdyrhdpprlvplfftsdglllgcfmqcecvcky*hlscysflslsknlSYNMFGHFKFCITLFGGYVLFKDPLSINQALGILCTLFGILAYTHFKLSEQEGSRSKLAQRP*lgfcgeknvvprr*kills|vpghk*	.
UHRF2	PGM5	+/+	+/-	9:6413643	9:68375157	splice-site	intron	inversion/3'-3'	downstream	downstream	7	15	11	155	62	high	.	.	duplicates(13),mismatches(4)	CTAGTCGGGCGCGCGCGCTGAGAGTCGTCGCCGCCTGTCGGGCCCGGCGTCCGGTCGGTCCGGTGGGCGCGCTCGCCCGCCTGCCGCTGAGGGCCCGAGCCGCAGGGAAAGCGGCGCGGGCCGGGCGGGGCGCGGCGCCCAGAGCTCAGGGGGAGACAAAGGGGACCGGTTCCTCTCTAGGCGCCAAGATGTGGATACAGGTTCGCACCATTGATGGCTCCAAGACGTGCACCATTGAGGACGTGTCTCGCAAAGCCACGATTGAGGAGCTGCGCGAGCGGGTGTGGGCGCTGTTCGACGTGCGGCCCGAATGCCAGCGCCTCTTCTACCGGGGCAAGCAG|CTTATTTTGGGAGAGACCAGCCGCCATGTCATGAAGACACTCAAGAAGCCCTGTGAAGAGGGAGCAAGGCCTGCCAACAACAGCCAGCACCAACTTTCCAGCCAAGGGACTGAGCCATCTCACAGTGGATCCTCCAGCCCCCACCAAGACTTCATATGACCAAACCAATACCAACATGTAACTGTGACCTCATGTGAGTCCCCAAGCCAGAATACCCATCTCCTGTCTCATAGAAATGATGAGAAATAATAAATATATGTGCTCACACATATTACCATCTAATTTTCTACATTATATGTTTATTTCCCCACTGTATATAAGATCCAAGGACTGTTTTCTTTTTCACTGCTATATTCCAAGAACCTAGAACAAATCTGGCATATGGTAAGTATACAATAAATATCTGT...AGGAGGATCAGATGGGAGtCTAACAGCCAGCACCACCTTGCCAGCCAAGTGACTGAGCCATCTTGCAGTGGATCCTCCAGCCCCCATCAAGCCCCAACTAAGCCACTAAGTTTCATGGTAATTTCTTACACTGCAATAAATAACTAATAC	out-of-frame	MWIQVRTIDGSKTCTIEDVSRKATIEELRERVWALFDVRPECQRLFYRGKQ|lilgetsrhvmktlkkpceegarpannsqhqlssqgtepshsgsssphqdfi*	.
AL390728.4	AL390728.4	-/-	-/-	1:247201404	1:247202856	intron	intron	duplication	upstream	downstream	10	3	10	94	55	high	.	.	duplicates(6)	ATGGGCAGTATTCAGATGTTCTGTGACATATCAACATGGGAAAGTGTGGATCCCCAGGATTATCCGTGGGGATGGGGCTGGGTCTTGGGATGTCAGTGAAGAAGGGGATCATGTACCGTTTAGATTTCATCCACATGCTCCATCATCTCTATGCAGAACAGAATTAAGAAAAGAGACATTTAAAGAGGATGGCATTCATTGCCTGGAATAACTTAAAGTTCTGAAAAGAGAATAATTAGAAGACATTTGCTGTCTAGGATGCTAAAGAAACACTATTGAAATACCCTATTGCAGATTAAAGAACCAGGGAAACAGCTATAGCTTGAACTTTGCATAAAACTGATGTTT|CTGGGATTACAGGCGTGAGCCACTGCGCCCGGCCAAAGCATTTCTGTTGTGATACCGGTGTTGAGTACAAGGGACTCTGTGCTGTATTTGCCTTCTCTAGCTGAGTGCTGCTGATGAGGAGTCCGGGGGAACAGTATCAGAAGACTTGTTATAGAAGCCCATTTGCAGACCCCTTTCACACCTGCGGAAACACATTACTTAGAATGGGGCCTGGAATACCAAATTAGAATACCAAA	.	.	.
UHRF2	PGM5-AS1	+/+	-/-	9:6413643	9:68355605	splice-site	splice-site	inversion	downstream	downstream	0	5	5	155	15	high	.	.	duplicates(3)	AGACAAAGGGGACCGGTTCCTCTCTAGGCGCCAAGATGTGGATACAGGTTCGCACCATTGATGGCTCCAAGACGTGCACCATTGAGGACGTGTCTCGCAAAGCCACGATTGAGGAGCTGCGCGAGCGGGTGTGGGCGCTGTTCGACGTGCGGCCCGAATGCCAGCGCCTCTTCTACCGGGGCAAGCAG|GCTGAAGAAAAGAAGAATGGTATTCATGCAGTTCCCATTTTACAGATGAAAACAAGAGGACTTTTTCTGTGAAGTCAAGAAAGTGGTTACAATGGTACTTTCAGCCTGTCCGAATTATGTATTGCCCCTCCCCTTTTTATTAATAACATTGAAGTGTGATGGGACAACCACTGAAGCCGTCTGTTGAAACCTGCTGGGACTTTTTAGCCATTCTCTTCAACATAAAGAATGGGTGTTTTTGGAGGGGGTGAGAGGAATGGGGAAATGTTGTCAAAGAGTACAATGTTTTAGTTGAGACAGGAGG	out-of-frame	MWIQVRTIDGSKTCTIEDVSRKATIEELRERVWALFDVRPECQRLFYRGKQ|aeekkngihavpilqmktrglfl*	.
UHRF2	AL161457.2	+/+	-/-	9:6413643	9:68399271	splice-site	splice-site	inversion	downstream	downstream	0	1	3	155	8	high	.	.	.	TCCTCTCTAGGCGCCAAGATGTGGATACAGGTTCGCACCATTGATGGCTCCAAGACGTGCACCATTGAGGACGTGTCTCGCAAAGCCACGATTGAGGAGCTGCGCGAGCGGGTGTGGGCGCTGTTCGACGTGCGGCCCGAATGCCAGCGCCTCTTCTACCGGGGCAAGCAG|GGTGCCTGTGCAGCAGTATTCACTGTGATAGGAAGTGAGAAGCAGTCTGAGTGTTCATTGCTGAGGGAATCAAGGGCAAAATATCATGGATGCACTCATGGACAAATAAGCAGCAGTTTGAAGCAACAACCTAGATGGATGTACAGCCATCAAGAGGATCTTAAAGTGTGGTCTTTAGTGGAAAAAAAGG	out-of-frame	MWIQVRTIDGSKTCTIEDVSRKATIEELRERVWALFDVRPECQRLFYRGKQ|gacaavftvigsekqsecsllresrakyhgcthgqissslkqqprwmyshqedlkvwslvekk	.
DENND3	DENND3	+/+	+/+	8:141143520	8:141141919	intron	3'UTR	duplication	downstream	upstream	1	19	52	121	188	medium	.	.	duplicates(15)	CCACGTGGACAAAAAATGGGCAAGAATATATTTAGTTGTGTTTTGGGAATCAGAGTATGGGTAGTTTTTTTTAAATTTTTTTTTATTATACTTTAAGTTCTAGGGTACATGTGCACAACGTGCAGGTTTGTTACGTATGTATACATGTGCCATGTTGGTGTGCTGCACCCATTAACTCGTCATTTACATTGGGTATTTTAATTTTCATTTACAAATTTTTTTGAGAGACAAGGTCTCACTGCCACTGAGGCTGCGGTGCAGTGCCGCTATCATAGCTCACTGCATCCTCAAACTCCCGGGCTCAAGTGATCCTCCCAGCT|CTGTAGTCCCAGCTACTGGGAAGGCTAACGCAGGAGGATGGCTTAAGCCTAGGAGTTCAAGGCTGCAGTGAGCTGTGATTGCACCACCACACTCCAGCCTAGGTTACAGAGCAGGACCCTGTCATCTTGTTTTGTAGAATCTGTAACTGTCTCCCTGCTGATGGTGAGTAGAAAGGCTGAGGACGTAAAGAACTTTTGAAAAATCAGAAAGACATCGTATAGAACCCAGTGGGCTCTCATTATCAAAGGATGCTTTTGTGATGTTGGGGGCTGTAGCCCAAGTTCAGACATGGTCAGTCCCAGTGGGCACTTGTGCACGGAGCCGTTTCTTTTGAGTCTCATAAAGTTACAGTCTGAGAATTTATATTTGTTTGATTAAAGGCCGAGGAGAAAGCAGTTAACAACAGTTCCCTTTTGTGTCATCgTGC	.	.	.
IGKV2-30	KRCC1	-/-	-/-	2:89244916	2:88028136	CDS	CDS	deletion	upstream	downstream	5	0	25	294	927	medium	.	.	duplicates(14)	GAGATAAAAGCTCAGCTCTACCCTTGCCTTGACTGATCAGGACTCCTCAGTTCACCTTCTCACAATGAGGCTCCCTGCTCAGCTCCTGGGGCTGCTAATGCTCTGGGTCCCAG___GATCCAGTGGGGATGTTGTGATGACTCAGTCTCCACTCTCCCTGCCCGTCACCCTTGGACAGCCGGCCTCCATCTCCTGCAGGTCTAGTCAAAGCCTCGTATACAGTGATGGAAACACCTACTTGAATTGGTTTCAGCAGAGGCCAGGCCAATCTCCAAGGCGCCTAATTTATAAG|ATAACAGTACCAGTACTCATCAAGCCAGTCACAAACAGATACATCAGAAGAGGAAAAGGCACCCAGAGGAAGGCAGAGAAAAATCAGAGGAGGAGCGGTCTAAGCATAAGAGAAAAAAAAGCTGCGAGGAAATTGACTTAGACAAACACAAGAGCATCCAAAGAAAGAAAACAGAGGTGGAAATAGAAACCGTACATGTCAGTACAGAAAAGCTTAAGAATCGAtAGGAGAAAAAAAGCCGAGATGTAGTCTCTAAGAAAGAGGAACGTAAGCGTACAAAAAAGAAAA	out-of-frame	MRLPAQLLGLLMLWVPGSSGDVVMTQSPLSLPVTLGQPASISCRSSQSLVYSDGNTYLNWFQQRPGQSPRRLIYK|itvpvlikpvtnryirrgkgtqrkaeknqrrsglsirekkaarklt*	.
CCP110	CCP110	+/+	+/+	16:19552286	16:19550390	3'UTR	intron	duplication	downstream	upstream	18	0	1	65	28	medium	.	.	duplicates(11),mismatches(1)	GTTGTCTGACAGAAATGTTAGGCTTCATGTATGTTACCCCAGTACTGTTAGAAACATTTGTACTAGGTTATAAGATCTTTCTGTGACAGGTAACAAATTTGGGGAAGACAGCACAATCTTCTTGAATGTAGCTCTTGGGAATGCATTATTACATCCATTTCTGTAACATAATAATATGTTGCATGCAGTTATATTTTCTATTTAGTCTGTATATTTTGTTCTTCATAGTCTGTTTTTTCTAGCATGCTTGATTTAGGAGAGAATAAAGGGCTATATAATAATAAATCCAGATTTCCGGATAAGAATATTGCCTGGTTAAAATTCTGCATTGCTTAAAGACACCCATGTTTAAGATTTTTCATCACTAACATATCCATTAAAAGTATCAACTGGCCAGGCAGGGTGGCTCACGCCTGTACTCCCAGCATTT|TGATCCGCCCACCTCGGCTTCCCAGAGCTCTGGGATTACAGGTGTAAGCCACCGCGTCCAGCCAGAATTGTATTCTTTTATATAAACTGAGAGTTTGGGATATTGGCTGGTTAAAATGCTAACTATGAATCTGAACACAGGAACTCACTGTCGCTCTTGAAAAGATTACTCTTTCCTGCT	.	.	.
AC009061.2(703),AC027682.6(12096)	AC009061.2	./+	+/+	16:67505766	16:67504732	intergenic	exon	duplication	downstream	upstream	3	10	4	24	83	medium	.	.	duplicates(4)	GTGTGAGCCACTGCGCCTGGCTGTTTGTGACATGTGATGTTGAAACAGGTTGAGTATAGAAGCAGATATGGGAATTAAACCAGAATATTAAACCAGACATTGAAGAGATTTGCAAAAAATACAAAACAATACCACTGTTTTCACTTTCTTTTTGGTTTGGAAAAATGTAGTTATTTTTCATTAAAAGTATGTTGTGTTGGCTGGGCACAGTGGCTCATGCCTGTAAT|CTCAGCCTCCCTAATAGCTGATGTCATATAGGCATGAGCCAGTGTGCCTGGCTCAGGCCCTACCCTTAAAAGCATCCCACCTGATTCACCAGCCCCCTTCTCTCTCTCAGTAAACTTGGAAACCACGCATTCCAGATGGTATAATTTACAGCATGA...___...AAAAGCCAGCTCTCCATGGGAAGCTGGCCAGTCTTCATTGGAGTACATTTTTATTGCATGAAGCCAATGAGACTTGATATTGTTTAACTCTGTGGTTTCCAAAGTGCGGTCCTTTTGAAGTATCCATAAAGTCTACACTAGGTTCACGGTAATATTAAGATGTTATTTGTCAGCTGGGCACGGTGGCTCACGCCTATAATCTCAGCACTTTGGGAGGCCAAGGCAAA...___TGCGCCTGGCTGTTTGTGACATGTGATGTTGAAACAGGTTGAGTATAGAAGCAGATATGGGAA	.	.	.
MTND6P21	MTCYBP21	+/+	-/+	21:44473203	21:44470646	exon	intron	duplication/5'-5'	downstream	upstream	6	3	2	50	35	medium	.	.	duplicates(3),inconsistently_clipped(1)	GGTTTGGGTTAATTATTAGTGGAAGGGTGGGTTGTGGTATTGTATTAAAGGTCAGTGGTGCATTTATAGGATTAGGAGTATTTTTAATTTATTTGGGGGAATGATAGTGATGTTTGGATGTACCGCGGCAACAGCTACTGAGGGTTATCCTGAGGCTTGGGGTCTAATGTTGTTATTTGAGGGCTTTAATTGATGGGGCTGTTGCTAGAGTTAGTTATAATT|GCATGAGCCACCTCGCCCAGCCCTAAAATGTTTTTAATTGTGTAGTATGGGTGAAATGGGATTGTGCCACATCTGATGAAATTCCTGATGGGTTGTTGGATCCCGTTACCTGAAGGGAGAGAAGGTGGACAGCTACCAAGGCAGCGACG[c]TGAAGGGTAAAGTGAAGTGAAAAGTGAAGAATCGTGTCAGGGTGGCTTTGTCAACTGAAGATCTGTCTCCACCTGACTCCACTAGATAGGTGCCAGTGCA	.	.	.
ORC6	ORC6	+/+	+/+	16:46697822	16:46696922	3'UTR	intron	duplication	downstream	upstream	3	1	7	58	24	medium	.	.	duplicates(2)	TTGCTTTTGATAATTTTCTGTCAGAAATGGAGAAGGTAGAGGAGATGCCACATAAACCACAGAAAGATGAAGATCTGACACAGGATTATGAAGAATGGAAAAGAAAAATTTTGGAAAATGCTGCCAGTGCTCAAAAGGCTACAGCAGAGTGATTTCAGCTTCCAAACTGGTATACATTCCAAACTGATAGTACATTGCCATCTCCAGGAAGACTTGACGGCTTTGGGATTTTGTTTAAACTTTTATAATAAGGATCCTAAGACTGTTGCCTTTAAATAGCAAAGCAGCCTACCTGGAGGCTAAGTCTGGGCAGTGGGCTGGCCCCTGGTGTGAGCATTAGACCAGCCACAGTGCCTGATTGGTATAGCCTTATGTGCTTTCCTACAAAA|TGGGATTACAGGCATGAGCCACTATGCCCAACCACTGGCTATGGGATTCTAAGAAAGTATAATTTCTGTGAGCCTCAATTTCCTGACCTATAAAATGTGATTAATATTATCACCTATTACGGAGTGTAGTAGGGGTTAAATGAAATAATGCTATTTAAAGTACTTGGTTCAGTGCCTATCAAGCACCAGTTAAGTGCTTGATAGACGTTAGCTATTATTAGATGTCTTGGAATGCTTGGAGTGTAAGGGAGGGAAAAAAGTGATAGCTAAGCTAGGTGTGATAGTGTGAGCCTATAGTCCCAGCCACGGTCCCAGCTACTCAAGAGGTGGAGG	out-of-frame	afdnflsEMEKVEEMPHKPQKDEDLTQDYEEWKRKILENAASAQKATAE*fqlpnwytfqtdstlpspgrldgfgilfkll**gs*dccl*iakqptwrlslgsglapgvsirpatvpdwyslmcfptk|wdyrheplcpttgygilrkynfcepqfpdl*	.
CROCCP3	CROCCP3	-/-	-/-	1:16491860	1:16494110	intron	intron	duplication	upstream	downstream	0	2	7	1	47	medium	.	.	duplicates(2)	TGgGATTACAGGTGTGAGTGCCCATGCCTGGCAGGACTGTGCCTTTTGCATTTTCAAATGAAGGAAATGAGTATTTCTTGAGTGTTGACCGTGTGTCCCCCCGGCACCGTGTCATGTGCTGGTTATGCACACACGATATTCTGTTTCATCCCCGGACAGCTCTGTGAGGTGAGTACCAATATTATTCACATCTTACGTAAGAGGACACTGAGTCTCAGAGAGAGGCAGAGTCACTGTCCCTGGTGCACCCAGCTAGTAGGGGCTGGGGTGGGTGTGAAGGGGCCAGAAG|CTTGCCCTTCAGTCACTCATTGGGAGGCTGCTGGTCTAAGTGGAATGAGCTTTGGGCTCACCACTTCCCTGAAGCATGTCGCCTTGAATAGGTGAGAGCCCAATCTCTCTGAGCCTCAGTTTTCTCATCTGGAAATGGGTTGAAGTAAGGATTTAATGAGATAATGTGAATATGCCCCCTTTGGGGCACAGCATGGAGCAGCGGGCACCCAGAGGTCAAGGGCTGAGGCATAGCAGTGTAGCAGGACGAGCCGCAGGCAAAACTCCTCAGTCACCAGGTTAAAGAAGGAAGGAGCTTTATTCGGCCGGGA	.	.	.
AFG3L1P	AFG3L1P	+/+	+/+	16:89986363	16:89985104	intron	intron	duplication	downstream	upstream	0	4	3	0	54	medium	.	.	duplicates(2)	CTCCTGCAGAAGTGTCGAATTAACGTCCAGAGGTGGGGCTTGAGCACCTGTGACTTCCCCAGGCTCCCTTTTGGGCAGCCCTGACCCATCCTTCCAGGTGCTGGGGGTCCCTGCACACAACCCTGTAGCTCCCATGTAGTACCTGACACTTGGTCGTTCTTTTGGTTTTTTTTGAGACAGTCTTCCGCTCTGTCGCCCAGGC|TGGAGGTTACAGTGAGCCAAGATCATCCCACTGCACTTCAGCCCGGGTGACAGAGGGAGACTGTCTCAAAAAAAAAAAAAAAGAAAAGAAAAAGAGACAAAGGCACACCCCAGCAGTTGTTGGACATTTTACACTTCCATCTAGAACTTAAAGACTAATTTCGTGGGGCCAAAACCAGAGTCTTCTGCTGTTAGTTAGTTTCCCTTGGAGCTAGCCTCTGCACAGGCCTCACCCATGTGGAGATTAAGGCTAGGAGAAGAGGCAGTGGGAGA...CGAGCGGAACCTGGAGTCTGCTCAAGGGGAGCTGGGGATCGAGCCCCACAACCAGGCAGTGGTAGTCTACACCAGCGAGAGTGATGGGTGAGGAGGATGGCGAAGGGCCTCTGTGTGAACACAAAACAGAAATGCAACATTTAAGCTG	.	.	.
AC021016.2	ARPC2(390),AC021016.2(573)	+/+	./+	2:218256409	2:218254746	exon	intergenic	duplication	downstream	upstream	0	1	5	7	24	medium	.	.	.	ACTGTAGGTGACAGAACCAAGGTTGCTTAGAAGATAcGGAGTTAGGAGAAAAATGAAAAGGCATAAATATTTTCTACAGCAGTAAATCCTAAGGAAGTAACTAGTTCCAAGACACTGTCAACATTAAAAATCCATAGTGCAGGCTGAGCACAGTGGCTCACACCTGTAATCGTAGCACTTTGTGAGGATGAGGAAGGAGGATTGCTTGATCCCGGGAGTTTGAGACCAGCCTGGGTAACGGTGAGACTCCTTCTCCATCTCTATA|AAAGTGCTGGGATTATAGGCATGAGCTATGGAACCCAGCGAGCTATTAATACAAACTTACATGCTTCCTTATAAAGCTTGGTCCCTGAGACTCTGTGGCTGCTCCTGAAGCTCCCTGGTCAATGACAGAGAAATTAAAGGGTTTTCTGGTTTATCTTTTTATTGTGAATAATGTGTGGAATTTCCCAAAATGTGTTCCTTAGTGTGTGGTCCTGCAGGACATTGATGAGTATTCAGGTG	.	.	.
ASB16	ASB16	+/-	+/-	17:44178749	17:44179283	3'UTR	intron	duplication	upstream	downstream	0	2	4	11	43	medium	.	.	.	AAACACAGGAGGAGAAGGGAGGTGAAGGCCGAGTCTGGGAACAGGCCGAGTCTGCAGCCCTTCCTGCTGGAGAGAGGGTCTGAAGCTCAGGTCCGGCTAGAGGTCAGCAGGTGTCTCAAGAAGCCCATGGAGGAGTGAGGTGGACCAGGACAGCACGTGGAGTACAGAAAAGAGGGGCAGGCAACCAGGCGCAGTGGCTCAT|GCCTCgGTCTCCCAAAGTGCTGGGATTACAGGTGTAAGCCACTGCACcCAGCTTGTTTTAAAGAGTTTTGATTTTAGTGTGAGAGGAG...CTGGAGGGCATGATCAGAGTTTGACTCCCAAAGACCATTCCAGCACCAATTCAGGGCATGGGTCTCAAGATCTCCCTTGGAGTGACAAAGGCAGGGCAGGCAAGCCAGTGCACGCAGAGACAGAGTTTGTCCCTCTTTAGGAGGCTGAACAGGTATAAGGGTGGCAGGAGAGGGAGGTGGTGGGCCACTAGAATCACTGGTTCTTGGCATGGGACCTGGATGGATAGAGGGGCCATCCACTTAAACACAGGAGGAGAAGGGAGGTGAAGGCCGAGTCTGGGAACAGGCCGAGTCTGCAGCCCTTCCTGCTGGAGAGAGGGTCTGAAGCTCAGGTCCGGCTAGAGGTCAGCAGGTGTCTCAAGAAGCCCATGGAGGAGTGAGGTGGACCAGGACAGCACG	.	.	.
C21orf58	C21orf58	-/-	-/-	21:46321264	21:46322762	intron	5'UTR	duplication	upstream	downstream	2	0	4	18	31	medium	.	.	.	GACACATTTTAATTGAGGGACATTCTTCAAAATATCTGCCCAGTACTCTTCGAAACTGTCAAGGTCATCAAAAACGAGGAAAGTCTGAGAAGGAGCCTAAAGACACATAACTCAATGTAATGGGGTGTTCTGATGGATACCACATTAGGGACATGAGGCAAACCTAAGGAAACTGTCAAAGTGTGGACTTCAGTTACTTGTGTCTCAATATTGGTTCATTAATCATAACAAATGGGCCAGGTGCACTGGCTTTCACTCAAAAATTAGCTGGGCATGATGGCACGTACCTGTAGTCCCAGCTACTCGAGAGGCTGAGGCAGAAGAATCGCTTGAAA|CTGCGACGCCCAGGCTATAGCGCAATGGCGCGATCTCGGCTCCCTGCAACCTCCCTCAGGAAGCCGTGGAAGCTCGACCGCCAGAAACTTCCTTCTCCTGACTCAGGCCACAGTCTTCTGTGTGGTGAGCGGGGTGTCCAGCGGTCTCCTGGTTCCCAGACTCGGAATTGGGcGG	.	.	.
ULK4P2	ULK4P3(1624),GOLGA8T(1768)	+/-	./-	15:30599944	15:30133381	intron	intergenic	deletion	upstream	downstream	0	1	1	2	2	medium	.	.	.	GTAAGAGAAAGTGCTTAGCAAGTAAGAAAGCATCCAAAATATTAGAAAGTACCAGGCTGGTGCAGTGG|ATTACAGGCATGAGCCATCGCACCCGGCCAAAGTGTTCATTTTTTTTTTTTTAAGAACCTA...AACTAACTGGAAAGAAATGGGTTTTGGGAAAGATTGAGTACATTTTTGTGATGTTCAACATTATTTTTTCTTACAGTTTTAAAAACACAATTGATGTTTCTATCAATTTGACTTAAAAAAATTAAGAACTATATTAAAATTTACCAGCA	.	.	.
IGKV1OR2-108	CBWD2	+/+	+/+	2:113406752	2:113438011	CDS	CDS	deletion/read-through	downstream	upstream	0	0	86	90	2	low	.	.	duplicates(19),mismappers(4),mismatches(1)	CAGGAGTCAGTCCCAGCCAGGACACAGCATGGAAATGAGGGTCCCCGCTCAGCTCCTGGGGCTCCTGCTGCTCTGGCTCCGAG___GTGCCAGATGTGACATCCAGGTGACCCAGTCTCCATCTTCCCTGTCTGCGTCTGTAGGAGACAGAGTCACCATCACCTGCCGGGCAAGTCAGGGCATTAGCAATGGGTTATCCTGGTATCAGCAGAAACCAGGGCAAGCCCCTACGCTCCTGATCTATGCTGCATCCAGTTTGCAGTC...|...CCGGGTAcaTAG___TTATTCAGAGGCTGCTCTGCTGAGAAGATGAACAAATTTCTTGTCCAAAACAATGTATTTCAAACGTGCCGCTCGGGCCTTTCCCGTATTGCTCACTG___GTGCTGGGAAGACAACACTTCTGAACTA	.	.	.
AC005831.1	CRACR2A	-/-	-/-	12:3611207	12:3612727	exon	intron	duplication	upstream	downstream	2	14	13	99	108	low	.	.	duplicates(8)	GAGGCAAACCTTTAACTCCAAGGAATGAGTCCCTAGTTATTGGATATTAACCACTATAATAGGTTATGGCAGTCAAATATTTAGGACAAAGCTGCCTTCTCTATTCTCAAAGACCTCAGTTTGCTTCATGTATTTTGGGGCTTTATTGCTAGGTTGAAATATATTTATAATAGTGATTTCTTCTGGATGGATTGACCCTTTATCATTATAAAGTGTCCTTGTTTGTCTTTGGTAACAATTTTTGTCTCAAACTTGATTTATTTTATTTTATTTTTTTTGAGATGCAATTTCC|CTCCAGCCTGAGGGACAGAGTGAGGTTCTGTCTTTAAAAAAAGTGGAGGATTGGGACTCCAGAGGAACTCTGAGAAGTTCCTTGTCCCCAGCTCTCAGCTCCCCTCCTCCCATTCCTTTTAAGCCACCATGTTGATCAGAGCCACCCTGGGCTGTCACTGTGGCCCAGAGGCTGCCAGAGGAAACTTCTGGCTCTGTGTCATTCACATCGTTGTAATGGCCTTGAGCAAGTCACTTAACCAGGATCCACATTCATCTATAGACTGGAATTTTCGATGTGTACCTCACAGGGTCATTTTAGTATTAGATGAGGTAATGTATGTAAAGTACCTAGCAACGTGCCCAGAATATAAGAGGTGTTAATACGTAGGGGCTATTTTTGTTGTCAACATTGAGTTGCTGTCCTGGCCAC...TATTTAGAACCAGCTAACAGTTACTAAGCATCTGCCCAGAACTGGGCACTTTCACAAACACAACCTCATTTGAGCATCTGTTTGCCCAGCCCGTTTGCCTGAGTTCTGAGCTCATATCTGGCTTGCCTCTTGCTGTTCTTTGTTCCTATG	.	.	.
AC119396.1	ARHGEF18	+/+	+/+	19:7383088	19:7441733	CDS	CDS	deletion/read-through	downstream	upstream	0	0	26	330	511	low	.	.	duplicates(14),read_through(19)	AACCTGACCTGGTTTGAATTCCTGTCGGA___GAGCGAGGACGGTGCTGGCAAGAACGAGAAGAGTGACAAGAGTACCAGTGTGAAGCGCAGGCTGAGCTGCCTCCGCAGTCGAGTGACCAGGCAGAAGGAGAAG___GGGAAGAGCCCAGCACATCTGAAGGAC...|...CATCTCCAAACACCGAGTCCATTTTTGTAGAAG___ATCCCTACACCGCCTCGCTGAGGAGTGAGATTGAGTCAGACGGCCACGAGTTTGAAGCTGAGTCCTGGAGCCTCGCCGTGGATGCAGCCTACGCCAAGAAGCAAAAGAGGGAGGTGGTG	.	.	.
LINC01410	LINC01410(4995),AL512625.2(18658)	+/+	./-	9:62804124	9:62818481	exon	intergenic	inversion	downstream	downstream	0	0	7	61	91	low	.	.	duplicates(5),mismappers(14)	GAGAAAGGGAGAGGGTGAGGGAGTTGTGGAGCGACAGCGACAGAGCCTTGGAGAGGGAGGCTCTGCTCAG___GATTTGTCCCCAGTGCCTTATTTAGTTCACTTGGTGAGGTCATGTTTTCCTGGATGGTGTTGATGCTAGTAGATGTTCTTCAGTGTCTGGACATTAAAATCTTGGGCATGCAGCACCATATGAGAAGTTTAAAAAATAAAA...|...GCACATATACACCATGGAATACTATGCAGCCATAAAAAATGATGAGTTCATGTCCTTTGCAGGGACATGCAGGAAGCTGGAAACCATCATTCTCAGCAAACTATC?CAAAGACAAAAAACCAAACACCCGCATGTTCTCACTTATAGGTGGGAATTGAACAATGAGAACACGTGGACACAGGAAGGGG	.	.	.
DDT	AP000350.2(1774),AP000350.1(8650)	-/-	./-	22:23973092	22:23931348	exon	intergenic	deletion/read-through	upstream	downstream	2	1	0	16	53	low	.	.	duplicates(3)	TGGACCTGTGTCCCAGCCAGGTTCCAGGTGAAGTTCACGGGAGACTCACAGAGTAGTGAAAGACCATTGGCCTGGATGTCTAGACATCTGCTTTCTGGGTCCTGCATAGCTGGGGGACCCCAGACAAACTTGGAAATGAACCATCTCCAGTTGGCAcCCTCC...CTGGCGTTCTGTGACCGAGTTAAAGTTTCCTCTTGGGTAAAAGATATTC|ATGAGCCACCTCGCCAAGCTGCATATCTTAAATTTAATGTGAAACATCATGTTTCAACTTCGACTTAAGAATATCATGACATACAGTTTTTGGTGAGTCTAGATGTAA...AACTCATAGATGATAAACTTATAGAAAGCAACATTTTAGAAGTTCCATCTGGTGTGTTTGCACTGTAAGAAAATAAATCTGGATATGAGTATGTAGGGTCCAGCCCTACAGGGTCAGTGAGTTTTCTCCTCATGTGTGGAGATGAGAGAG	out-of-frame	GVL*ps*sfllgkrys|*	.
TET2	PPA2	+/+	-/-	4:105146979	4:105456745	splice-site	splice-site	inversion	downstream	downstream	0	2	0	37	105	low	.	.	duplicates(1)	CCTTTAGGATTTGTTAGAAAGGAGACCCGACTGCAACTGCTGGATTGCTGCAAGGCTGAGGGACGAGAACGAG|AGAATGTAACTGGTCACTACATTTCCCCCTTTCATGATATTCCTCTGAAGGTGAACTCTAAAGAG___GAAAATGGCATTCCTATGAAGAAAGCACGAAATGATGAATATGAG___AATCTGTTTAATATGATTGTAGAAATACCTCGGTGGACAAATGCTAAAATGGAG___ATTGCCACCAAGGAGCCAATGAATCCCATTAAACAATATGTAAAGGAT	.	.	.
BRF1	PACS2	-/-	+/+	14:105286296	14:105384353	splice-site	splice-site	inversion	upstream	upstream	0	2	0	25	57	low	.	.	.	GTGAATCTGGGGAAGGAGTCGAGAGCGCAGACCCTGCAGAATG|GCTCCCACCCCGTGGCCAGGTACCTAGGCTCCGTGGACTACCGCTACAACAACTTCTTCCAGGACCTGGCCTGGAGAGACCTGTTC...GGCTTAGACCAGAGCCTGGGCCAGCTGGGCAGCTCTGGGCCTCCCTGACAGCAGGTGCTTCCCCGCACCCCAGATCCCTCATAGTAAGCGCCATTTCCGCACCTGTTTCTGTGCATGTTGAAACCCCGCGTGATAAGAAGTTGACAGA	in-frame	VNLGKESRAQTLQN|gSHPVARYLGSVDYRYNNFFQDLAWRDL	.
CLDN12	SEM1	+/+	-/-	7:90405608	7:96694891	splice-site	splice-site	inversion	downstream	downstream	1	0	0	3	1625	low	.	.	duplicates(1)	GAGACGCTCCAAGAGGCTCCTCAGTGTGGGCGAGTAAAATGCCCTGCGTGTGAGAAGCAG___GCTCAGATTATTGCTACTCTGTATTCAGATCTTCATGTGTCTCTTCTAAGCTGAATAAAGCTGTTTTGGAACTGTCAGGTACCTCAAAGC|ACTGGGCTGGCTTAGATGAAGATGAAGATGCACATGTCTGGGAGGATAATTGGGATGATGACAATGTAGAGGATGACTTCTCTAATCAGTTACG___AGCTGAACTAGAGAAACATGGTTATAAGA	.	.	.
PCDH9	CREBZF	-/-	-/-	13:67225405	11:85663601	splice-site	splice-site	translocation	upstream	downstream	0	1	0	19	267	low	.	.	.	TTCAGATCACTTCAGTGCCTCAGAGTGCAGTTCCCAAGGAGGCTTCAAGACAAAGGGCCCCTTACACACCAGACAG|TTTCTTTTTTAGGTGATTTCCTTCCTGCCAGGCTCCGTTGTAGGGGTTACAGAACAGTCGTTCCCGCCTCACAACCTG___TGGATACAGCTGTTGGGGCAGAAGAGACGGGACCAGCTGCTGGCCACATTTCCTGCTTTATTTTAAAAGGTAGTATAAGAA	out-of-frame	SDHFSASECSSQGGFKTKGPLHTRQ|flf*	.
UTRN	TRIM38	+/+	+/+	6:144444382	6:25983164	splice-site	splice-site	duplication	downstream	upstream	0	1	0	276	960	low	.	.	.	ATAGGTTACAAGAAATCAATATATTGTGGCAGGAATTATTGGAAGAACAG|TTAGTGTGACTCTGGATCCAGATACAGCTCATCACGAACTAATTCTCTCTGAGGATCGGAGACAAGTGACTCGTGGATACACCCAGGAGAATCAGGACACATCTTCCAGGAGATTTACTGCCTTCCCCTGTGTCTTGGGTTGTGAAGGCTTCACCTCAGGAAGACGTTACTTTGAAGTGGATGTTGGCGAAGGAACCGGA	out-of-frame	RLQEINILWQELLEEQ|lv*	.
RBPJ	STIM2	+/+	+/+	4:26321048	4:26919504	splice-site	splice-site	deletion	downstream	upstream	0	1	0	1097	717	low	.	.	.	TGGAGTTTTGGCGAGAGTTTGTGGAAGATGGCGCCTGTTGTGACAGG|ATCCCTGCATGTCACTGAGTCCACCATGCTTTACAGAAGAAGACAGATTTAGTCTGGAAGCTCTTCAAACAATACATAAACAAATGGA...AGGCTTtAAAAGGCACAGGAAGAAAACAGAAcTGTTGCTGTAGAAAAGCAAAATTTAGAGCGCAAAATGATGGATGAAATCAATTATGCAAAGGAGGAGGCTTGTCtGCTGAGAGAGCTAAGG	out-of-frame	MAPVVTg|slhvtestmlyrrrqi*	.
RBPJ	STIM2	+/+	+/+	4:26406270	4:26919504	splice-site	splice-site	deletion	downstream	upstream	0	1	0	1204	717	low	.	.	duplicates(1)	CTAG___GGAAGCTATGCGAAATTATTTAAAAGAGCGAGGGGATCAAACAGTACTTATTCTTCATGCAAAAGTTGCACAGAAGTCATATGGAAATGAAAAAAG|ATCCCTGCATGTCACTGAGTCCACCATGCTTTACAGAAGAAGACAGATTTAGTCTGGAAGCTCTTCAAACAATACATAAACAAATGGATGATGACAAAGATGGTGGAATTGAAGTAGAGGAAAGTGATGAAGT	out-of-frame	REAMRNYLKERGDQTVLILHAKVAQKSYGNEKr|slhvtestmlyrrrqi*	.
WDPCP	ACTR2	-/-	+/+	2:63433745	2:65261247	splice-site	splice-site	inversion	upstream	upstream	1	0	0	11	1398	low	.	.	.	TGGAGAAAGTGGTGATTGACAGAAGCCTGGTGGGGAAGCTCATCTCAGACACCATCAGTGATG___CTCTTCTCACAGACAGTTTTATCATCTTATCATTTTTGGCACAAAACAAACTATGTTTTATTCAGT...TTCTGAGAAGGACAGAGCCAATCTACTCCTCCTGGGTTATGCTCAAGGAAGACTAGAG|CTCCCAGATGGACGTATCATCAAAGTTGGGGGAGAGAGATTTGAAGCACCAGAAGCTTTATTTCAGCCTCACTTGATCAATGTTGAAGaAGT	in-frame	SEKDRANLLLLGYAQGRLE|LPDGRIIKVGGERFEAPEALFQPHLINVEe	.
AGAP4	PARGP1	-/-	-/-	10:45853655	10:45896244	splice-site	splice-site	duplication	upstream	downstream	0	1	0	22	51	low	.	.	.	TGGCTGCTGCTGTGATCTCTGCCCAAGAGGAGCTTCTGACCAACATCCAAAGGGCTTCTGGACCCACTGGACTCCTCTGGAG|AACCTACTGGGTTGGTGACATTTACAAGACAGAGTCTTGAAGATTTTC...AGGTGGATTTTGCAAATCATTTTGTTGGAGGTGGTGTAACCAGTGCAGGACTTGTGCAAGAAGAAATCCGCTTTTTAATCAATCCTGAGTTGATTATTTCACGGCTCTTCACTGAGGTGCTGGATCACAATGAATGTCTAATTATCACAG	.	.	.
LINC01250	EIPR1	-/-	-/-	2:3125295	2:3257455	splice-site	splice-site	duplication	upstream	downstream	1	0	0	111	156	low	.	.	.	GGACCGTCTCTGGCCCTTGGGCAAGCTGGAGCAGCCTTTCATTTCCTCTCTGCCTATTCATGCACGCCCCACCCATCTCCCAGTCCAGGCTGTGATCCTCACCACCCAGCAAGCAGGCGAGGCAGGGCT...GGAGTCCTCGCCAAGGGCACGGGCTCCCTTTGTGGTCCTGGAATAATGGGGCCTGCCTGGCACTCTCAGATTGCaTGGGGATCCGCTGGACTTAGG|CTTCAGACAGCAAAGTCCTGACATGTGCAGCCGTGTGGAGGATGCCGAAGGAAT	.	.	.
